key,skin_id,skin_name,skin_number,chromas
266,266000,default,0,False
266,266001,Justicar Aatrox,1,False
266,266002,Mecha Aatrox,2,True
266,266003,Sea Hunter Aatrox,3,False
266,266007,Blood Moon Aatrox,7,False
266,266008,Blood Moon Aatrox Prestige Edition,8,False
266,266009,Victorious Aatrox,9,True
266,266011,Odyssey Aatrox,11,True
103,103000,default,0,False
103,103001,Dynasty Ahri,1,True
103,103002,Midnight Ahri,2,True
103,103003,Foxfire Ahri,3,True
103,103004,Popstar Ahri,4,True
103,103005,Challenger Ahri,5,True
103,103006,Academy Ahri,6,True
103,103007,Arcade Ahri,7,True
103,103014,Star Guardian Ahri,14,True
103,103015,K/DA Ahri,15,True
103,103016,K/DA Ahri Prestige Edition,16,False
103,103017,Elderwood Ahri,17,True
103,103027,Spirit Blossom Ahri,27,True
103,103028,K/DA ALL OUT Ahri,28,True
103,103042,Coven Ahri,42,True
84,84000,default,0,False
84,84001,Stinger Akali,1,False
84,84002,Infernal Akali,2,False
84,84003,All-star Akali,3,False
84,84004,Nurse Akali,4,True
84,84005,Blood Moon Akali,5,False
84,84006,Silverfang Akali,6,False
84,84007,Headhunter Akali,7,True
84,84008,Sashimi Akali,8,False
84,84009,K/DA Akali,9,False
84,84013,K/DA Akali Prestige Edition,13,False
84,84014,PROJECT: Akali,14,True
84,84015,True Damage Akali,15,True
84,84032,K/DA ALL OUT Akali,32,True
84,84050,Crime City Nightmare Akali,50,False
166,166000,default,0,False
166,166001,Cyber Pop Akshan,1,True
12,12000,default,0,False
12,12001,Black Alistar,1,False
12,12002,Golden Alistar,2,False
12,12003,Matador Alistar,3,False
12,12004,Longhorn Alistar,4,False
12,12005,Unchained Alistar,5,False
12,12006,Infernal Alistar,6,False
12,12007,Sweeper Alistar,7,False
12,12008,Marauder Alistar,8,False
12,12009,SKT T1 Alistar,9,False
12,12010,Moo Cow Alistar,10,True
12,12019,Hextech Alistar,19,False
12,12020,Conqueror Alistar,20,True
12,12022,Blackfrost Alistar,22,True
12,12029,Lunar Beast Alistar,29,True
32,32000,default,0,False
32,32001,Pharaoh Amumu,1,False
32,32002,Vancouver Amumu,2,False
32,32003,Emumu,3,False
32,32004,Re-Gifted Amumu,4,False
32,32005,Almost-Prom King Amumu,5,False
32,32006,Little Knight Amumu,6,False
32,32007,Sad Robot Amumu,7,False
32,32008,Surprise Party Amumu,8,True
32,32017,Infernal Amumu,17,True
32,32023,Hextech Amumu,23,False
32,32024,Pumpkin Prince Amumu,24,True
34,34000,default,0,False
34,34001,Team Spirit Anivia,1,False
34,34002,Bird of Prey Anivia,2,False
34,34003,Noxus Hunter Anivia,3,False
34,34004,Hextech Anivia,4,False
34,34005,Blackfrost Anivia,5,False
34,34006,Prehistoric Anivia,6,False
34,34007,Festival Queen Anivia,7,False
34,34008,Papercraft Anivia,8,True
34,34017,Cosmic Flight Anivia,17,True
34,34027,Divine Phoenix Anivia,27,True
1,1000,default,0,False
1,1001,Goth Annie,1,False
1,1002,Red Riding Annie,2,False
1,1003,Annie in Wonderland,3,False
1,1004,Prom Queen Annie,4,False
1,1005,Frostfire Annie,5,False
1,1006,Reverse Annie,6,False
1,1007,FrankenTibbers Annie,7,False
1,1008,Panda Annie,8,False
1,1009,Sweetheart Annie,9,False
1,1010,Hextech Annie,10,False
1,1011,Super Galaxy Annie,11,False
1,1012,Annie-Versary,12,False
1,1013,Lunar Beast Annie,13,True
1,1022,Cafe Cuties Annie,22,False
523,523000,default,0,False
523,523001,Nightbringer Aphelios,1,True
523,523009,Lunar Beast Aphelios,9,True
22,22000,default,0,False
22,22001,Freljord Ashe,1,False
22,22002,Sherwood Forest Ashe,2,False
22,22003,Woad Ashe,3,False
22,22004,Queen Ashe,4,False
22,22005,Amethyst Ashe,5,False
22,22006,Heartseeker Ashe,6,False
22,22007,Marauder Ashe,7,False
22,22008,PROJECT: Ashe,8,False
22,22009,Championship Ashe,9,True
22,22011,Cosmic Queen Ashe,11,True
22,22017,High Noon Ashe,17,True
22,22023,Fae Dragon Ashe,23,True
22,22032,Coven Ashe,32,True
136,136000,default,0,False
136,136001,Ashen Lord Aurelion Sol,1,False
136,136002,Mecha Aurelion Sol,2,True
136,136011,Storm Dragon Aurelion Sol,11,False
268,268000,default,0,False
268,268001,Galactic Azir,1,False
268,268002,Gravelord Azir,2,False
268,268003,SKT T1 Azir,3,False
268,268004,Warring Kingdoms Azir,4,False
268,268005,Elderwood Azir,5,True
432,432000,default,0,True
432,432001,Elderwood Bard,1,False
432,432005,Snow Day Bard,5,True
432,432006,Bard Bard,6,False
432,432008,Astronaut Bard,8,True
432,432017,Cafe Cuties Bard,17,True
53,53000,default,0,True
53,53001,Rusty Blitzcrank,1,False
53,53002,Goalkeeper Blitzcrank,2,False
53,53003,Boom Boom Blitzcrank,3,False
53,53004,Piltover Customs Blitzcrank,4,False
53,53005,Definitely Not Blitzcrank,5,False
53,53006,iBlitzcrank,6,False
53,53007,Riot Blitzcrank,7,False
53,53011,Battle Boss Blitzcrank,11,True
53,53020,Lancer Rogue Blitzcrank,20,False
53,53021,Lancer Paragon Blitzcrank,21,False
53,53022,Witch's Brew Blitzcrank,22,True
53,53029,Space Groove Blitz & Crank,29,True
53,53036,Victorious Blitzcrank,36,True
63,63000,default,0,False
63,63001,Apocalyptic Brand,1,False
63,63002,Vandal Brand,2,False
63,63003,Cryocore Brand,3,False
63,63004,Zombie Brand,4,False
63,63005,Spirit Fire Brand,5,False
63,63006,Battle Boss Brand,6,False
63,63007,Arclight Brand,7,True
63,63008,Eternal Dragon Brand,8,True
63,63021,Debonair Brand,21,True
63,63022,Debonair Brand Prestige Edition,22,False
201,201000,default,0,False
201,201001,Dragonslayer Braum,1,True
201,201002,El Tigre Braum,2,False
201,201003,Braum Lionheart,3,False
201,201010,Santa Braum,10,False
201,201011,Crime City Braum,11,True
201,201024,Sugar Rush Braum,24,True
201,201033,Pool Party Braum,33,True
51,51000,default,0,True
51,51001,Resistance Caitlyn,1,False
51,51002,Sheriff Caitlyn,2,False
51,51003,Safari Caitlyn,3,False
51,51004,Arctic Warfare Caitlyn,4,False
51,51005,Officer Caitlyn,5,False
51,51006,Headhunter Caitlyn,6,False
51,51010,Lunar Wraith Caitlyn,10,True
51,51011,Pulsefire Caitlyn,11,True
51,51013,Pool Party Caitlyn,13,True
51,51019,Arcade Caitlyn,19,False
51,51020,Arcade Caitlyn Prestige Edition,20,False
51,51022,Battle Academia Caitlyn,22,True
51,51028,Arcane Caitlyn,28,False
164,164000,default,0,False
164,164001,Program Camille,1,False
164,164002,Coven Camille,2,True
164,164010,iG Camille,10,False
164,164011,Arcana Camille,11,True
69,69000,default,0,True
69,69001,Desperada Cassiopeia,1,False
69,69002,Siren Cassiopeia,2,False
69,69003,Mythic Cassiopeia,3,False
69,69004,Jade Fang Cassiopeia,4,False
69,69008,Eternum Cassiopeia,8,False
69,69009,Spirit Blossom Cassiopeia,9,True
69,69018,Coven Cassiopeia,18,True
31,31000,default,0,False
31,31001,Nightmare Cho'Gath,1,False
31,31002,Gentleman Cho'Gath,2,False
31,31003,Loch Ness Cho'Gath,3,False
31,31004,Jurassic Cho'Gath,4,False
31,31005,Battlecast Prime Cho'Gath,5,True
31,31006,Prehistoric Cho'Gath,6,False
31,31007,Dark Star Cho'Gath,7,False
31,31014,Shan Hai Scrolls Cho'Gath,14,True
42,42000,default,0,False
42,42001,UFO Corki,1,False
42,42002,Ice Toboggan Corki,2,False
42,42003,Red Baron Corki,3,False
42,42004,Hot Rod Corki,4,False
42,42005,Urfrider Corki,5,False
42,42006,Dragonwing Corki,6,True
42,42007,Fnatic Corki,7,False
42,42008,Arcade Corki,8,True
42,42018,Corgi Corki,18,True
42,42026,Astronaut Corki,26,True
122,122000,default,0,True
122,122001,Lord Darius,1,False
122,122002,Bioforge Darius,2,False
122,122003,Woad King Darius,3,False
122,122004,Dunkmaster Darius,4,True
122,122008,Academy Darius,8,False
122,122014,Dreadnova Darius,14,False
122,122015,God-King Darius,15,False
122,122016,High Noon Darius,16,True
122,122024,Lunar Beast Darius,24,True
122,122033,Crime City Nightmare Darius,33,False
131,131000,default,0,False
131,131001,Dark Valkyrie Diana,1,False
131,131002,Lunar Goddess Diana,2,True
131,131003,Infernal Diana,3,False
131,131011,Blood Moon Diana,11,False
131,131012,Dark Waters Diana,12,True
131,131018,Dragonslayer Diana,18,True
131,131025,Battle Queen Diana,25,False
131,131026,Battle Queen Diana Prestige Edition,26,False
131,131027,Sentinel Diana,27,True
119,119000,default,0,False
119,119001,Soul Reaver Draven,1,False
119,119002,Gladiator Draven,2,False
119,119003,Primetime Draven,3,True
119,119004,Pool Party Draven,4,False
119,119005,Beast Hunter Draven,5,False
119,119006,Draven Draven,6,False
119,119012,Santa Draven,12,False
119,119013,Mecha Kingdoms Draven,13,True
119,119020,Ruined Draven,20,True
119,119029,Debonair Draven,29,True
36,36000,default,0,False
36,36001,Toxic Dr. Mundo,1,False
36,36002,Mr. Mundoverse,2,False
36,36003,Corporate Mundo,3,True
36,36004,Mundo Mundo,4,False
36,36005,Executioner Mundo,5,False
36,36006,Rageborn Mundo,6,False
36,36007,TPA Mundo,7,False
36,36008,Pool Party Mundo,8,False
36,36009,El Macho Mundo,9,False
36,36010,Frozen Prince Mundo,10,True
245,245000,default,0,False
245,245001,Sandstorm Ekko,1,True
245,245002,Academy Ekko,2,False
245,245003,PROJECT: Ekko,3,False
245,245011,SKT T1 Ekko,11,False
245,245012,Trick or Treat Ekko,12,True
245,245019,True Damage Ekko,19,True
245,245028,Pulsefire Ekko,28,True
60,60000,default,0,False
60,60001,Death Blossom Elise,1,False
60,60002,Victorious Elise,2,False
60,60003,Blood Moon Elise,3,False
60,60004,SKT T1 Elise,4,False
60,60005,Super Galaxy Elise,5,False
60,60006,Bewitching Elise,6,True
28,28000,default,0,False
28,28001,Shadow Evelynn,1,False
28,28002,Masquerade Evelynn,2,False
28,28003,Tango Evelynn,3,False
28,28004,Safecracker Evelynn,4,False
28,28005,Blood Moon Evelynn,5,False
28,28006,K/DA Evelynn,6,False
28,28007,K/DA Evelynn Prestige Edition,7,False
28,28008,Sugar Rush Evelynn,8,True
28,28015,K/DA ALL OUT Evelynn,15,True
28,28024,Coven Evelynn,24,True
81,81000,default,0,False
81,81001,Nottingham Ezreal,1,False
81,81002,Striker Ezreal,2,False
81,81003,Frosted Ezreal,3,False
81,81004,Explorer Ezreal,4,False
81,81005,Pulsefire Ezreal,5,False
81,81006,TPA Ezreal,6,False
81,81007,Debonair Ezreal,7,True
81,81008,Ace of Spades Ezreal,8,False
81,81009,Arcade Ezreal,9,False
81,81018,Star Guardian Ezreal,18,False
81,81019,SSG Ezreal,19,False
81,81020,Pajama Guardian Ezreal,20,False
81,81021,Battle Academia Ezreal,21,False
81,81022,PsyOps Ezreal,22,False
81,81023,PsyOps Ezreal Prestige Edition,23,False
9,9000,default,0,False
9,9001,Spectral Fiddlesticks,1,False
9,9002,Union Jack Fiddlesticks,2,False
9,9003,Bandito Fiddlesticks,3,True
9,9004,Pumpkinhead Fiddlesticks,4,False
9,9005,Fiddle Me Timbers,5,False
9,9006,Surprise Party Fiddlesticks,6,True
9,9007,Dark Candy Fiddlesticks,7,False
9,9008,Risen Fiddlesticks,8,False
9,9009,Praetorian Fiddlesticks,9,True
114,114000,default,0,False
114,114001,Royal Guard Fiora,1,False
114,114002,Nightraven Fiora,2,False
114,114003,Headmistress Fiora,3,True
114,114004,PROJECT: Fiora,4,True
114,114005,Pool Party Fiora,5,True
114,114022,Soaring Sword Fiora,22,False
114,114023,Heartpiercer Fiora,23,True
114,114031,iG Fiora,31,False
114,114041,Pulsefire Fiora,41,False
114,114050,Lunar Beast Fiora,50,False
114,114051,Lunar Beast Fiora Prestige Edition,51,False
114,114060,Bewitching Fiora,60,False
105,105000,default,0,True
105,105001,Atlantean Fizz,1,False
105,105002,Tundra Fizz,2,False
105,105003,Fisherman Fizz,3,False
105,105004,Void Fizz,4,False
105,105008,Cottontail Fizz,8,False
105,105009,Super Galaxy Fizz,9,False
105,105010,Omega Squad Fizz,10,True
105,105014,Fuzz Fizz,14,False
105,105015,Fuzz Fizz Prestige Edition,15,False
105,105016,Little Devil Fizz,16,True
3,3000,default,0,False
3,3001,Enchanted Galio,1,False
3,3002,Hextech Galio,2,False
3,3003,Commando Galio,3,False
3,3004,Gatekeeper Galio,4,False
3,3005,Debonair Galio,5,False
3,3006,Birdio,6,True
3,3013,Infernal Galio,13,True
3,3019,Dragon Guardian Galio,19,True
41,41000,default,0,False
41,41001,Spooky Gangplank,1,False
41,41002,Minuteman Gangplank,2,False
41,41003,Sailor Gangplank,3,False
41,41004,Toy Soldier Gangplank,4,False
41,41005,Special Forces Gangplank,5,False
41,41006,Sultan Gangplank,6,False
41,41007,Captain Gangplank,7,False
41,41008,Dreadnova Gangplank,8,True
41,41014,Pool Party Gangplank,14,True
41,41021,FPX Gangplank,21,True
86,86000,default,0,True
86,86001,Sanguine Garen,1,False
86,86002,Desert Trooper Garen,2,False
86,86003,Commando Garen,3,False
86,86004,Dreadknight Garen,4,False
86,86005,Rugged Garen,5,False
86,86006,Steel Legion Garen,6,False
86,86010,Rogue Admiral Garen,10,False
86,86011,Warring Kingdoms Garen,11,True
86,86013,God-King Garen,13,False
86,86014,Demacia Vice Garen,14,True
86,86022,Mecha Kingdoms Garen,22,False
86,86023,Mecha Kingdoms Garen Prestige Edition,23,False
86,86024,Battle Academia Garen,24,True
150,150000,default,0,False
150,150001,Dino Gnar,1,True
150,150002,Gentleman Gnar,2,False
150,150003,Snow Day Gnar,3,False
150,150004,El Le√≥n Gnar,4,False
150,150013,Super Galaxy Gnar,13,False
150,150014,SSG Gnar,14,False
150,150015,Astronaut Gnar,15,True
150,150022,Elderwood Gnar,22,True
79,79000,default,0,False
79,79001,Scuba Gragas,1,False
79,79002,Hillbilly Gragas,2,False
79,79003,Santa Gragas,3,False
79,79004,"Gragas, Esq.",4,False
79,79005,Vandal Gragas,5,False
79,79006,Oktoberfest Gragas,6,False
79,79007,Superfan Gragas,7,False
79,79008,Fnatic Gragas,8,False
79,79009,Gragas Caskbreaker,9,False
79,79010,Arctic Ops Gragas,10,False
79,79011,Warden Gragas,11,True
104,104000,default,0,False
104,104001,Hired Gun Graves,1,False
104,104002,Jailbreak Graves,2,False
104,104003,Crime City Graves,3,False
104,104004,Riot Graves,4,False
104,104005,Pool Party Graves,5,True
104,104006,Cutthroat Graves,6,False
104,104007,Snow Day Graves,7,True
104,104014,Victorious Graves,14,True
104,104018,Praetorian Graves,18,True
104,104025,Battle Professor Graves,25,True
104,104035,Sentinel Graves,35,True
887,887000,default,0,False
887,887001,Space Groove Gwen,1,True
887,887011,Cafe Cuties Gwen,11,True
120,120000,default,0,False
120,120001,Blood Knight Hecarim,1,False
120,120002,Reaper Hecarim,2,False
120,120003,Headless Hecarim,3,False
120,120004,Arcade Hecarim,4,False
120,120005,Elderwood Hecarim,5,False
120,120006,Worldbreaker Hecarim,6,False
120,120007,Lancer Zero Hecarim,7,False
120,120008,High Noon Hecarim,8,True
120,120014,Cosmic Charger Hecarim,14,True
74,74000,default,0,False
74,74001,Alien Invader Heimerdinger,1,False
74,74002,Blast Zone Heimerdinger,2,False
74,74003,Piltover Customs Heimerdinger,3,False
74,74004,Snowmerdinger,4,False
74,74005,Hazmat Heimerdinger,5,False
74,74006,Dragon Trainer Heimerdinger,6,False
74,74015,Pool Party Heimerdinger,15,False
420,420000,default,0,False
420,420001,Void Bringer Illaoi,1,False
420,420002,Resistance Illaoi,2,True
420,420010,Cosmic Invoker Illaoi,10,True
39,39000,default,0,False
39,39001,Nightblade Irelia,1,False
39,39002,Aviator Irelia,2,False
39,39003,Infiltrator Irelia,3,False
39,39004,Frostblade Irelia,4,True
39,39005,Order of the Lotus Irelia,5,False
39,39006,Divine Sword Irelia,6,True
39,39015,iG Irelia,15,False
39,39016,PROJECT: Irelia,16,False
39,39017,PROJECT: Irelia Prestige Edition,17,False
39,39018,High Noon Irelia,18,True
39,39026,Sentinel Irelia,26,True
427,427000,default,0,False
427,427001,Candy King Ivern,1,False
427,427002,Dunkmaster Ivern,2,True
427,427011,Old God Ivern,11,True
40,40000,default,0,False
40,40001,Tempest Janna,1,False
40,40002,Hextech Janna,2,False
40,40003,Frost Queen Janna,3,False
40,40004,Victorious Janna,4,False
40,40005,Forecast Janna,5,False
40,40006,Fnatic Janna,6,False
40,40007,Star Guardian Janna,7,False
40,40008,Sacred Sword Janna,8,True
40,40013,Bewitching Janna,13,True
40,40020,Guardian of the Sands Janna,20,True
40,40027,Battle Queen Janna,27,True
59,59000,default,0,False
59,59001,Commando Jarvan IV,1,False
59,59002,Dragonslayer Jarvan IV,2,False
59,59003,Darkforge Jarvan IV,3,False
59,59004,Victorious Jarvan IV,4,False
59,59005,Warring Kingdoms Jarvan IV,5,True
59,59006,Fnatic Jarvan IV,6,False
59,59007,Dark Star Jarvan IV,7,True
59,59008,SSG Jarvan IV,8,False
59,59009,Hextech Jarvan IV,9,False
59,59011,Pool Party Jarvan IV,11,True
59,59021,Lunar Beast Jarvan IV,21,True
59,59030,Worlds 2021 Jarvan IV,30,False
24,24000,default,0,False
24,24001,The Mighty Jax,1,False
24,24002,Vandal Jax,2,False
24,24003,Angler Jax,3,False
24,24004,PAX Jax,4,False
24,24005,Jaximus,5,False
24,24006,Temple Jax,6,False
24,24007,Nemesis Jax,7,True
24,24008,SKT T1 Jax,8,False
24,24012,Warden Jax,12,False
24,24013,God Staff Jax,13,False
24,24014,Mecha Kingdoms Jax,14,True
24,24020,Conqueror Jax,20,False
24,24021,Conqueror Jax Prestige Edition,21,False
126,126000,default,0,False
126,126001,Full Metal Jayce,1,False
126,126002,Debonair Jayce,2,False
126,126003,Forsaken Jayce,3,False
126,126004,Jayce Brighthammer,4,False
126,126005,Battle Academia Jayce,5,True
126,126015,Resistance Jayce,15,True
126,126024,Arcane Jayce,24,False
202,202000,default,0,False
202,202001,High Noon Jhin,1,True
202,202002,Blood Moon Jhin,2,False
202,202003,SKT T1 Jhin,3,False
202,202004,PROJECT: Jhin,4,False
202,202005,Dark Cosmic Jhin,5,False
202,202014,Shan Hai Scrolls Jhin,14,True
202,202023,DWG Jhin,23,True
222,222000,default,0,False
222,222001,Crime City Jinx,1,False
222,222002,Firecracker Jinx,2,True
222,222003,Zombie Slayer Jinx,3,False
222,222004,Star Guardian Jinx,4,False
222,222012,Ambitious Elf Jinx,12,False
222,222013,Odyssey Jinx,13,True
222,222020,PROJECT: Jinx,20,True
222,222029,Heartseeker Jinx,29,True
222,222037,Arcane Jinx,37,False
145,145000,default,0,False
145,145001,Bullet Angel Kai'Sa,1,True
145,145014,K/DA Kai'Sa,14,False
145,145015,K/DA Kai'Sa Prestige Edition,15,False
145,145016,iG Kai'Sa,16,False
145,145017,Arcade Kai'Sa,17,False
145,145026,K/DA ALL OUT Kai'Sa,26,False
145,145027,K/DA ALL OUT Kai'Sa Prestige Edition,27,False
145,145029,Lagoon Dragon Kai'Sa,29,False
429,429000,default,0,False
429,429001,Blood Moon Kalista,1,False
429,429002,Championship Kalista,2,True
429,429003,SKT T1 Kalista,3,False
429,429005,Marauder Kalista,5,True
43,43000,default,0,False
43,43001,Sun Goddess Karma,1,False
43,43002,Sakura Karma,2,False
43,43003,Traditional Karma,3,False
43,43004,Order of the Lotus Karma,4,False
43,43005,Warden Karma,5,False
43,43006,Winter Wonder Karma,6,False
43,43007,Conqueror Karma,7,True
43,43008,Dark Star Karma,8,True
43,43019,Dawnbringer Karma,19,False
43,43026,Odyssey Karma,26,False
43,43027,Ruined Karma,27,True
43,43044,Tranquility Dragon Karma,44,False
30,30000,default,0,False
30,30001,Phantom Karthus,1,False
30,30002,Statue of Karthus,2,False
30,30003,Grim Reaper Karthus,3,True
30,30004,Pentakill Karthus,4,False
30,30005,Fnatic Karthus,5,False
30,30009,Karthus Lightsbane,9,False
30,30010,Infernal Karthus,10,True
30,30017,Pentakill III: Lost Chapter Karthus,17,True
38,38000,default,0,False
38,38001,Festival Kassadin,1,False
38,38002,Deep One Kassadin,2,False
38,38003,Pre-Void Kassadin,3,False
38,38004,Harbinger Kassadin,4,False
38,38005,Cosmic Reaver Kassadin,5,False
38,38006,Count Kassadin,6,True
38,38014,Hextech Kassadin,14,False
55,55000,default,0,False
55,55001,Mercenary Katarina,1,False
55,55002,Red Card Katarina,2,False
55,55003,Bilgewater Katarina,3,False
55,55004,Kitty Cat Katarina,4,False
55,55005,High Command Katarina,5,False
55,55006,Sandstorm Katarina,6,False
55,55007,Slay Belle Katarina,7,False
55,55008,Warring Kingdoms Katarina,8,True
55,55009,PROJECT: Katarina,9,False
55,55010,Death Sworn Katarina,10,False
55,55012,Battle Academia Katarina,12,True
55,55021,Blood Moon Katarina,21,True
55,55029,Battle Queen Katarina,29,True
10,10000,default,0,False
10,10001,Silver Kayle,1,False
10,10002,Viridian Kayle,2,True
10,10003,Transcended Kayle,3,False
10,10004,Battleborn Kayle,4,False
10,10005,Judgment Kayle,5,False
10,10006,Aether Wing Kayle,6,False
10,10007,Riot Kayle,7,False
10,10008,Iron Inquisitor Kayle,8,False
10,10009,Pentakill Kayle,9,False
10,10015,PsyOps Kayle,15,True
10,10024,Dragonslayer Kayle,24,True
10,10033,Pentakill III: Lost Chapter Kayle,33,True
141,141000,default,0,False
141,141001,Soulhunter Kayn,1,False
141,141002,Odyssey Kayn,2,True
141,141008,Nightbringer Kayn,8,True
141,141009,Nightbringer Kayn Prestige Edition,9,False
85,85000,default,0,False
85,85001,Deadly Kennen,1,False
85,85002,Swamp Master Kennen,2,False
85,85003,Karate Kennen,3,False
85,85004,Kennen M.D.,4,True
85,85005,Arctic Ops Kennen,5,False
85,85006,Blood Moon Kennen,6,False
85,85007,Super Kennen,7,False
85,85008,Infernal Kennen,8,True
85,85023,DWG Kennen,23,True
121,121000,default,0,False
121,121001,Mecha Kha'Zix,1,True
121,121002,Guardian of the Sands Kha'Zix,2,False
121,121003,Death Blossom Kha'Zix,3,False
121,121004,Dark Star Kha'Zix,4,False
121,121011,Championship Kha'Zix,11,True
121,121060,Odyssey Kha'Zix,60,False
203,203000,default,0,False
203,203001,Shadowfire Kindred,1,False
203,203002,Super Galaxy Kindred,2,False
203,203003,Spirit Blossom Kindred,3,True
240,240000,default,0,False
240,240001,Sir Kled,1,False
240,240002,Count Kledula,2,True
240,240009,Marauder Kled,9,True
96,96000,default,0,False
96,96001,Caterpillar Kog'Maw,1,False
96,96002,Sonoran Kog'Maw,2,False
96,96003,Monarch Kog'Maw,3,False
96,96004,Reindeer Kog'Maw,4,False
96,96005,Lion Dance Kog'Maw,5,False
96,96006,Deep Sea Kog'Maw,6,False
96,96007,Jurassic Kog'Maw,7,False
96,96008,Battlecast Kog'Maw,8,False
96,96009,Pug'Maw,9,True
96,96010,Hextech Kog'Maw,10,False
96,96019,Arcanist Kog'Maw,19,True
96,96028,Bee'Maw,28,True
7,7000,default,0,False
7,7001,Wicked LeBlanc,1,False
7,7002,Prestigious LeBlanc,2,True
7,7003,Mistletoe LeBlanc,3,False
7,7004,Ravenborn LeBlanc,4,False
7,7005,Elderwood LeBlanc,5,False
7,7012,Program LeBlanc,12,True
7,7019,iG LeBlanc,19,False
7,7020,Coven LeBlanc,20,True
7,7029,Championship LeBlanc,29,True
7,7033,Coven LeBlanc Prestige Edition,33,False
7,7035,Debonair LeBlanc,35,True
64,64000,default,0,False
64,64001,Traditional Lee Sin,1,False
64,64002,Acolyte Lee Sin,2,False
64,64003,Dragon Fist Lee Sin,3,True
64,64004,Muay Thai Lee Sin,4,False
64,64005,Pool Party Lee Sin,5,False
64,64006,SKT T1 Lee Sin,6,False
64,64010,Knockout Lee Sin,10,False
64,64011,God Fist Lee Sin,11,False
64,64012,Playmaker Lee Sin,12,True
64,64027,Nightbringer Lee Sin,27,False
64,64028,Nightbringer Lee Sin Prestige Edition,28,False
64,64029,FPX Lee Sin,29,False
64,64031,Storm Dragon Lee Sin,31,False
89,89000,default,0,False
89,89001,Valkyrie Leona,1,False
89,89002,Defender Leona,2,False
89,89003,Iron Solari Leona,3,False
89,89004,Pool Party Leona,4,True
89,89008,PROJECT: Leona,8,False
89,89009,Barbecue Leona,9,False
89,89010,Solar Eclipse Leona,10,False
89,89011,Lunar Eclipse Leona,11,False
89,89012,Mecha Kingdoms Leona,12,True
89,89021,Battle Academia Leona,21,True
89,89022,DWG Leona,22,True
89,89023,Battle Academia Leona Prestige Edition,23,False
89,89033,Debonair Leona,33,True
876,876000,default,0,False
876,876001,Spirit Blossom Lillia,1,True
876,876010,Nightbringer Lillia,10,True
127,127000,default,0,False
127,127001,Bloodstone Lissandra,1,False
127,127002,Blade Queen Lissandra,2,False
127,127003,Program Lissandra,3,False
127,127004,Coven Lissandra,4,True
127,127012,Dark Cosmic Lissandra,12,True
236,236000,default,0,True
236,236001,Hired Gun Lucian,1,False
236,236002,Striker Lucian,2,False
236,236006,PROJECT: Lucian,6,True
236,236007,Heartseeker Lucian,7,False
236,236008,High Noon Lucian,8,True
236,236009,Demacia Vice Lucian,9,True
236,236018,Pulsefire Lucian,18,False
236,236019,Pulsefire Lucian Prestige Edition,19,False
236,236025,Victorious Lucian,25,True
236,236031,Arcana Lucian,31,True
117,117000,default,0,False
117,117001,Bittersweet Lulu,1,False
117,117002,Wicked Lulu,2,False
117,117003,Dragon Trainer Lulu,3,True
117,117004,Winter Wonder Lulu,4,False
117,117005,Pool Party Lulu,5,True
117,117006,Star Guardian Lulu,6,False
117,117014,Cosmic Enchantress Lulu,14,True
117,117015,Pajama Guardian Lulu,15,False
117,117026,Space Groove Lulu,26,True
117,117027,Space Groove Lulu Prestige Edition,27,False
99,99000,default,0,False
99,99001,Sorceress Lux,1,False
99,99002,Spellthief Lux,2,False
99,99003,Commando Lux,3,False
99,99004,Imperial Lux,4,False
99,99005,Steel Legion Lux,5,False
99,99006,Star Guardian Lux,6,False
99,99007,Elementalist Lux,7,False
99,99008,Lunar Empress Lux,8,True
99,99014,Pajama Guardian Lux,14,False
99,99015,Battle Academia Lux,15,False
99,99016,Battle Academia Lux Prestige Edition,16,False
99,99017,Dark Cosmic Lux,17,False
99,99018,Cosmic Lux,18,False
99,99019,Space Groove Lux,19,True
54,54000,default,0,False
54,54001,Shamrock Malphite,1,False
54,54002,Coral Reef Malphite,2,False
54,54003,Marble Malphite,3,False
54,54004,Obsidian Malphite,4,False
54,54005,Glacial Malphite,5,False
54,54006,Mecha Malphite,6,True
54,54007,Ironside Malphite,7,False
54,54016,Odyssey Malphite,16,True
54,54023,Dark Star Malphite,23,False
54,54024,Dark Star Malphite Prestige Edition,24,False
54,54025,FPX Malphite,25,True
54,54027,Old God Malphite,27,True
90,90000,default,0,False
90,90001,Vizier Malzahar,1,False
90,90002,Shadow Prince Malzahar,2,False
90,90003,Djinn Malzahar,3,False
90,90004,Overlord Malzahar,4,False
90,90005,Snow Day Malzahar,5,True
90,90006,Battle Boss Malzahar,6,False
90,90007,Hextech Malzahar,7,False
90,90009,Worldbreaker Malzahar,9,True
90,90018,Beezahar,18,True
90,90028,Debonair Malzahar,28,True
57,57000,default,0,False
57,57001,Charred Maokai,1,False
57,57002,Totemic Maokai,2,False
57,57003,Festive Maokai,3,False
57,57004,Haunted Maokai,4,False
57,57005,Goalkeeper Maokai,5,False
57,57006,Meowkai,6,True
57,57007,Victorious Maokai,7,False
57,57016,Worldbreaker Maokai,16,True
57,57024,Astronaut Maokai,24,True
11,11000,default,0,False
11,11001,Assassin Master Yi,1,False
11,11002,Chosen Master Yi,2,False
11,11003,Ionia Master Yi,3,False
11,11004,Samurai Yi,4,False
11,11005,Headhunter Master Yi,5,True
11,11009,PROJECT: Yi,9,False
11,11010,Cosmic Blade Master Yi,10,False
11,11011,Eternal Sword Yi,11,True
11,11017,Snow Man Yi,17,True
11,11024,Blood Moon Master Yi,24,False
11,11033,PsyOps Master Yi,33,False
11,11042,Debonair Master Yi,42,False
21,21000,default,0,False
21,21001,Cowgirl Miss Fortune,1,False
21,21002,Waterloo Miss Fortune,2,False
21,21003,Secret Agent Miss Fortune,3,False
21,21004,Candy Cane Miss Fortune,4,False
21,21005,Road Warrior Miss Fortune,5,False
21,21006,Crime City Miss Fortune,6,False
21,21007,Arcade Miss Fortune,7,True
21,21008,Captain Fortune,8,False
21,21009,Pool Party Miss Fortune,9,False
21,21015,Star Guardian Miss Fortune,15,False
21,21016,Gun Goddess Miss Fortune,16,False
21,21017,Pajama Guardian Miss Fortune,17,False
21,21018,Bewitching Miss Fortune,18,False
21,21020,Bewitching Miss Fortune Prestige Edition,20,False
21,21021,Ruined Miss Fortune,21,True
62,62000,default,0,False
62,62001,Volcanic Wukong,1,False
62,62002,General Wukong,2,False
62,62003,Jade Dragon Wukong,3,False
62,62004,Underworld Wukong,4,False
62,62005,Radiant Wukong,5,False
62,62006,Lancer Stratus Wukong,6,False
62,62007,Battle Academia Wukong,7,True
82,82000,default,0,False
82,82001,Dragon Knight Mordekaiser,1,False
82,82002,Infernal Mordekaiser,2,False
82,82003,Pentakill Mordekaiser,3,False
82,82004,Lord Mordekaiser,4,False
82,82005,King of Clubs Mordekaiser,5,False
82,82006,Dark Star Mordekaiser,6,True
82,82013,PROJECT: Mordekaiser,13,True
82,82023,Pentakill III: Lost Chapter Mordekaiser,23,True
25,25000,default,0,True
25,25001,Exiled Morgana,1,False
25,25002,Sinful Succulence Morgana,2,False
25,25003,Blade Mistress Morgana,3,False
25,25004,Blackthorn Morgana,4,True
25,25005,Ghost Bride Morgana,5,False
25,25006,Victorious Morgana,6,False
25,25010,Lunar Wraith Morgana,10,False
25,25011,Bewitching Morgana,11,True
25,25017,Majestic Empress Morgana,17,True
25,25026,Coven Morgana,26,True
25,25039,Dawnbringer Morgana,39,True
25,25041,Bewitching Morgana Prestige Edition,41,False
267,267000,default,0,False
267,267001,Koi Nami,1,True
267,267002,River Spirit Nami,2,False
267,267003,Urf the Nami-tee,3,False
267,267007,Deep Sea Nami,7,False
267,267008,SKT T1 Nami,8,False
267,267009,Program Nami,9,True
267,267015,Splendid Staff Nami,15,True
267,267024,Cosmic Destiny Nami,24,True
267,267032,Bewitching Nami,32,True
75,75000,default,0,False
75,75001,Galactic Nasus,1,False
75,75002,Pharaoh Nasus,2,False
75,75003,Dreadknight Nasus,3,True
75,75004,Riot K-9 Nasus,4,False
75,75005,Infernal Nasus,5,False
75,75006,Archduke Nasus,6,False
75,75010,Worldbreaker Nasus,10,False
75,75011,Lunar Guardian Nasus,11,True
75,75016,Battlecast Nasus,16,True
75,75025,Space Groove Nasus,25,True
111,111000,default,0,False
111,111001,Abyssal Nautilus,1,False
111,111002,Subterranean Nautilus,2,False
111,111003,AstroNautilus,3,True
111,111004,Warden Nautilus,4,False
111,111005,Worldbreaker Nautilus,5,False
111,111006,Conqueror Nautilus,6,False
111,111009,Shan Hai Scrolls Nautilus,9,False
518,518000,default,0,False
518,518001,Winter Wonder Neeko,1,True
518,518010,Star Guardian Neeko,10,False
518,518011,Star Guardian Neeko Prestige Edition,11,False
518,518012,Shan Hai Scrolls Neeko,12,True
76,76000,default,0,False
76,76001,Snow Bunny Nidalee,1,False
76,76002,Leopard Nidalee,2,False
76,76003,French Maid Nidalee,3,False
76,76004,Pharaoh Nidalee,4,False
76,76005,Bewitching Nidalee,5,False
76,76006,Headhunter Nidalee,6,False
76,76007,Warring Kingdoms Nidalee,7,False
76,76008,Challenger Nidalee,8,True
76,76009,Super Galaxy Nidalee,9,False
76,76011,Dawnbringer Nidalee,11,True
76,76018,Cosmic Huntress Nidalee,18,True
76,76027,DWG Nidalee,27,True
56,56000,default,0,False
56,56001,Frozen Terror Nocturne,1,False
56,56002,Void Nocturne,2,False
56,56003,Ravager Nocturne,3,False
56,56004,Haunting Nocturne,4,False
56,56005,Eternum Nocturne,5,False
56,56006,Cursed Revenant Nocturne,6,False
56,56007,Old God Nocturne,7,True
56,56016,Hextech Nocturne,16,False
20,20000,default,0,False
20,20001,Sasquatch Nunu & Willump,1,False
20,20002,Workshop Nunu & Willump,2,False
20,20003,Grungy Nunu & Willump,3,False
20,20004,Nunu & Willump Bot,4,False
20,20005,Demolisher Nunu & Willump,5,False
20,20006,TPA Nunu & Willump,6,False
20,20007,Zombie Nunu & Willump,7,False
20,20008,Papercraft Nunu & Willump,8,True
20,20016,Space Groove Nunu & Willump,16,True
2,2000,default,0,False
2,2001,Forsaken Olaf,1,False
2,2002,Glacial Olaf,2,False
2,2003,Brolaf,3,True
2,2004,Pentakill Olaf,4,False
2,2005,Marauder Olaf,5,False
2,2006,Butcher Olaf,6,False
2,2015,SKT T1 Olaf,15,False
2,2016,Dragonslayer Olaf,16,True
2,2025,Sentinel Olaf,25,True
2,2035,Pentakill III: Lost Chapter Olaf,35,True
61,61000,default,0,False
61,61001,Gothic Orianna,1,False
61,61002,Sewn Chaos Orianna,2,False
61,61003,Bladecraft Orianna,3,False
61,61004,TPA Orianna,4,False
61,61005,Winter Wonder Orianna,5,False
61,61006,Heartseeker Orianna,6,False
61,61007,Dark Star Orianna,7,True
61,61008,Victorious Orianna,8,True
61,61011,Pool Party Orianna,11,True
516,516000,default,0,False
516,516001,Thunder Lord Ornn,1,False
516,516002,Elderwood Ornn,2,True
80,80000,default,0,False
80,80001,Myrmidon Pantheon,1,False
80,80002,Ruthless Pantheon,2,False
80,80003,Perseus Pantheon,3,False
80,80004,Full Metal Pantheon,4,False
80,80005,Glaive Warrior Pantheon,5,False
80,80006,Dragonslayer Pantheon,6,True
80,80007,Zombie Slayer Pantheon,7,False
80,80008,Baker Pantheon,8,False
80,80016,Pulsefire Pantheon,16,True
80,80025,Ruined Pantheon,25,True
80,80026,Ascended Pantheon Prestige Edition,26,False
78,78000,default,0,False
78,78001,Noxus Poppy,1,False
78,78002,Lollipoppy,2,False
78,78003,Blacksmith Poppy,3,False
78,78004,Ragdoll Poppy,4,False
78,78005,Battle Regalia Poppy,5,True
78,78006,Scarlet Hammer Poppy,6,False
78,78007,Star Guardian Poppy,7,False
78,78014,Snow Fawn Poppy,14,False
78,78015,Hextech Poppy,15,False
78,78016,Astronaut Poppy,16,True
78,78024,Bewitching Poppy,24,True
555,555000,default,0,False
555,555001,Sand Wraith Pyke,1,True
555,555009,Blood Moon Pyke,9,True
555,555016,PROJECT: Pyke,16,True
555,555025,PsyOps Pyke,25,True
555,555034,Sentinel Pyke,34,True
246,246000,default,0,False
246,246001,Battle Boss Qiyana,1,True
246,246002,True Damage Qiyana,2,False
246,246010,True Damage Qiyana Prestige Edition,10,False
246,246011,Battle Queen Qiyana,11,True
133,133000,default,0,False
133,133001,Phoenix Quinn,1,False
133,133002,Woad Scout Quinn,2,False
133,133003,Corsair Quinn,3,False
133,133004,Heartseeker Quinn,4,False
133,133005,Warden Quinn,5,True
497,497000,default,0,False
497,497001,Cosmic Dawn Rakan,1,False
497,497002,Sweetheart Rakan,2,False
497,497003,SSG Rakan,3,False
497,497004,iG Rakan,4,False
497,497005,Star Guardian Rakan,5,True
497,497009,Elderwood Rakan,9,True
33,33000,default,0,False
33,33001,King Rammus,1,False
33,33002,Chrome Rammus,2,False
33,33003,Molten Rammus,3,False
33,33004,Freljord Rammus,4,False
33,33005,Ninja Rammus,5,False
33,33006,Full Metal Rammus,6,False
33,33007,Guardian of the Sands Rammus,7,False
33,33008,Sweeper Rammus,8,True
33,33016,Hextech Rammus,16,False
33,33017,Astronaut Rammus,17,True
421,421000,default,0,False
421,421001,Eternum Rek'Sai,1,False
421,421002,Pool Party Rek'Sai,2,True
421,421009,Blackfrost Rek'Sai,9,True
421,421017,Elderwood Rek'Sai,17,True
526,526000,default,0,False
526,526001,Battle Queen Rell,1,True
58,58000,default,0,False
58,58001,Galactic Renekton,1,False
58,58002,Outback Renekton,2,False
58,58003,Bloodfury Renekton,3,False
58,58004,Rune Wars Renekton,4,False
58,58005,Scorched Earth Renekton,5,False
58,58006,Pool Party Renekton,6,False
58,58007,Prehistoric Renekton,7,False
58,58008,SKT T1 Renekton,8,False
58,58009,Renektoy,9,True
58,58017,Hextech Renekton,17,False
58,58018,Blackfrost Renekton,18,True
58,58026,PROJECT: Renekton,26,True
107,107000,default,0,False
107,107001,Headhunter Rengar,1,True
107,107002,Night Hunter Rengar,2,False
107,107003,SSW Rengar,3,False
107,107008,Mecha Rengar,8,True
107,107015,Pretty Kitty Rengar,15,True
107,107023,Guardian of the Sands Rengar,23,True
107,107030,Sentinel Rengar,30,True
92,92000,default,0,False
92,92001,Redeemed Riven,1,False
92,92002,Crimson Elite Riven,2,False
92,92003,Battle Bunny Riven,3,True
92,92004,Championship Riven,4,False
92,92005,Dragonblade Riven,5,True
92,92006,Arcade Riven,6,True
92,92007,Championship Riven 2016,7,True
92,92016,Dawnbringer Riven,16,True
92,92018,Pulsefire Riven,18,True
92,92020,Valiant Sword Riven,20,False
92,92022,Valiant Sword Riven Prestige Edition,22,False
92,92023,Spirit Blossom Riven,23,True
92,92034,Sentinel Riven,34,True
68,68000,default,0,False
68,68001,Rumble in the Jungle,1,False
68,68002,Bilgerat Rumble,2,False
68,68003,Super Galaxy Rumble,3,False
68,68004,Badlands Baron Rumble,4,True
68,68013,Space Groove Rumble,13,True
13,13000,default,0,False
13,13001,Young Ryze,1,False
13,13002,Tribal Ryze,2,False
13,13003,Uncle Ryze,3,False
13,13004,Triumphant Ryze,4,False
13,13005,Professor Ryze,5,False
13,13006,Zombie Ryze,6,False
13,13007,Dark Crystal Ryze,7,False
13,13008,Pirate Ryze,8,False
13,13009,Ryze Whitebeard,9,False
13,13010,SKT T1 Ryze,10,False
13,13011,Championship Ryze,11,True
13,13013,Guardian of the Sands Ryze,13,True
360,360000,default,0,False
360,360001,PsyOps Samira,1,True
360,360010,Space Groove Samira,10,True
113,113000,default,0,False
113,113001,Sabretusk Sejuani,1,False
113,113002,Darkrider Sejuani,2,False
113,113003,Traditional Sejuani,3,False
113,113004,Bear Cavalry Sejuani,4,False
113,113005,Poro Rider Sejuani,5,False
113,113006,Beast Hunter Sejuani,6,False
113,113007,Sejuani Dawnchaser,7,False
113,113008,Firecracker Sejuani,8,True
113,113015,Hextech Sejuani,15,False
113,113016,PROJECT: Sejuani,16,True
235,235000,default,0,False
235,235001,True Damage Senna,1,True
235,235009,True Damage Senna Prestige Edition,9,False
235,235010,High Noon Senna,10,True
235,235016,PROJECT: Senna,16,True
147,147000,default,0,False
147,147001,K/DA ALL OUT Seraphine Indie,1,False
147,147002,K/DA ALL OUT Seraphine Rising Star,2,False
147,147003,K/DA ALL OUT Seraphine Superstar,3,False
147,147004,Graceful Phoenix Seraphine,4,True
875,875000,default,0,False
875,875001,Mecha Kingdoms Sett,1,True
875,875008,Obsidian Dragon Sett,8,True
875,875009,Obsidian Dragon Sett Prestige Edition,9,False
875,875010,Pool Party Sett,10,True
35,35000,default,0,False
35,35001,Mad Hatter Shaco,1,False
35,35002,Royal Shaco,2,False
35,35003,Nutcracko,3,False
35,35004,Workshop Shaco,4,False
35,35005,Asylum Shaco,5,False
35,35006,Masked Shaco,6,False
35,35007,Wild Card Shaco,7,False
35,35008,Dark Star Shaco,8,True
35,35015,Arcanist Shaco,15,True
35,35023,Crime City Nightmare Shaco,23,True
98,98000,default,0,False
98,98001,Frozen Shen,1,False
98,98002,Yellow Jacket Shen,2,False
98,98003,Surgeon Shen,3,True
98,98004,Blood Moon Shen,4,False
98,98005,Warlord Shen,5,True
98,98006,TPA Shen,6,False
98,98015,Pulsefire Shen,15,True
98,98016,Infernal Shen,16,True
98,98022,PsyOps Shen,22,True
102,102000,default,0,False
102,102001,Ironscale Shyvana,1,False
102,102002,Boneclaw Shyvana,2,False
102,102003,Darkflame Shyvana,3,False
102,102004,Ice Drake Shyvana,4,False
102,102005,Championship Shyvana,5,True
102,102006,Super Galaxy Shyvana,6,False
102,102008,Ruined Shyvana,8,True
27,27000,default,0,False
27,27001,Riot Squad Singed,1,False
27,27002,Hextech Singed,2,False
27,27003,Surfer Singed,3,False
27,27004,Mad Scientist Singed,4,False
27,27005,Augmented Singed,5,False
27,27006,Snow Day Singed,6,False
27,27007,SSW Singed,7,False
27,27008,Black Scourge Singed,8,False
27,27009,Beekeeper Singed,9,False
27,27010,Resistance Singed,10,True
14,14000,default,0,False
14,14001,Hextech Sion,1,False
14,14002,Barbarian Sion,2,False
14,14003,Lumberjack Sion,3,False
14,14004,Warmonger Sion,4,False
14,14005,Mecha Zero Sion,5,True
14,14014,Worldbreaker Sion,14,True
14,14022,Blackfrost Sion,22,True
15,15000,default,0,False
15,15001,Warrior Princess Sivir,1,False
15,15002,Spectacular Sivir,2,False
15,15003,Huntress Sivir,3,False
15,15004,Bandit Sivir,4,False
15,15005,PAX Sivir,5,False
15,15006,Snowstorm Sivir,6,True
15,15007,Warden Sivir,7,False
15,15008,Victorious Sivir,8,False
15,15009,Neo PAX Sivir,9,False
15,15010,Pizza Delivery Sivir,10,True
15,15016,Blood Moon Sivir,16,True
15,15025,Odyssey Sivir,25,True
15,15034,Cafe Cuties Sivir,34,True
72,72000,default,0,False
72,72001,Sandscourge Skarner,1,False
72,72002,Earthrune Skarner,2,False
72,72003,Battlecast Alpha Skarner,3,False
72,72004,Guardian of the Sands Skarner,4,False
72,72005,Cosmic Sting Skarner,5,True
37,37000,default,0,False
37,37001,Muse Sona,1,False
37,37002,Pentakill Sona,2,False
37,37003,Silent Night Sona,3,False
37,37004,Guqin Sona,4,True
37,37005,Arcade Sona,5,True
37,37006,DJ Sona,6,False
37,37007,Sweetheart Sona,7,False
37,37009,Odyssey Sona,9,True
37,37017,PsyOps Sona,17,True
37,37026,Pentakill III: Lost Chapter Sona,26,True
16,16000,default,0,False
16,16001,Dryad Soraka,1,False
16,16002,Divine Soraka,2,False
16,16003,Celestine Soraka,3,False
16,16004,Reaper Soraka,4,False
16,16005,Order of the Banana Soraka,5,False
16,16006,Program Soraka,6,False
16,16007,Star Guardian Soraka,7,False
16,16008,Pajama Guardian Soraka,8,False
16,16009,Winter Wonder Soraka,9,True
16,16015,Dawnbringer Soraka,15,False
16,16016,Nightbringer Soraka,16,False
16,16017,Star Guardian Soraka Prestige Edition,17,False
16,16018,Cafe Cuties Soraka,18,True
50,50000,default,0,False
50,50001,Northern Front Swain,1,False
50,50002,Bilgewater Swain,2,False
50,50003,Tyrant Swain,3,False
50,50004,Dragon Master Swain,4,True
50,50011,Hextech Swain,11,False
50,50012,Crystal Rose Swain,12,True
517,517000,default,0,False
517,517001,Lunar Wraith Sylas,1,True
517,517008,Freljord Sylas,8,True
517,517013,PROJECT: Sylas,13,True
517,517014,PROJECT: Sylas Prestige Edition,14,False
134,134000,default,0,False
134,134001,Justicar Syndra,1,False
134,134002,Atlantean Syndra,2,False
134,134003,Queen of Diamonds Syndra,3,False
134,134004,Snow Day Syndra,4,False
134,134005,SKT T1 Syndra,5,False
134,134006,Star Guardian Syndra,6,False
134,134007,Pool Party Syndra,7,True
134,134016,Withered Rose Syndra,16,True
134,134025,Bewitching Syndra,25,True
223,223000,default,0,False
223,223001,Master Chef Tahm Kench,1,False
223,223002,Urf Kench,2,False
223,223003,Coin Emperor Tahm Kench,3,True
223,223011,Arcana Tahm Kench,11,False
163,163000,default,0,False
163,163001,Freljord Taliyah,1,False
163,163002,SSG Taliyah,2,False
163,163003,Pool Party Taliyah,3,True
91,91000,default,0,False
91,91001,Renegade Talon,1,False
91,91002,Crimson Elite Talon,2,False
91,91003,Dragonblade Talon,3,True
91,91004,SSW Talon,4,False
91,91005,Blood Moon Talon,5,False
91,91012,Enduring Sword Talon,12,True
91,91020,Talon Blackwood,20,True
91,91029,Withered Rose Talon,29,True
44,44000,default,0,False
44,44001,Emerald Taric,1,False
44,44002,Armor of the Fifth Age Taric,2,False
44,44003,Bloodstone Taric,3,False
44,44004,Pool Party Taric,4,True
44,44009,Taric Luminshield,9,True
17,17000,default,0,False
17,17001,Happy Elf Teemo,1,False
17,17002,Recon Teemo,2,False
17,17003,Badger Teemo,3,False
17,17004,Astronaut Teemo,4,True
17,17005,Cottontail Teemo,5,True
17,17006,Super Teemo,6,False
17,17007,Panda Teemo,7,False
17,17008,Omega Squad Teemo,8,True
17,17014,Little Devil Teemo,14,True
17,17018,Beemo,18,True
17,17025,Spirit Blossom Teemo,25,False
17,17027,Spirit Blossom Teemo Prestige Edition,27,False
412,412000,default,0,False
412,412001,Deep Terror Thresh,1,False
412,412002,Championship Thresh,2,True
412,412003,Blood Moon Thresh,3,False
412,412004,SSW Thresh,4,False
412,412005,Dark Star Thresh,5,True
412,412006,High Noon Thresh,6,True
412,412013,Pulsefire Thresh,13,False
412,412014,Pulsefire Thresh Prestige Edition,14,False
412,412015,FPX Thresh,15,True
412,412017,Spirit Blossom Thresh,17,True
412,412027,Unbound Thresh,27,False
412,412028,Steel Dragon Thresh,28,True
18,18000,default,0,False
18,18001,Riot Girl Tristana,1,False
18,18002,Earnest Elf Tristana,2,False
18,18003,Firefighter Tristana,3,False
18,18004,Guerilla Tristana,4,False
18,18005,Buccaneer Tristana,5,False
18,18006,Rocket Girl Tristana,6,True
18,18010,Dragon Trainer Tristana,10,True
18,18011,Bewitching Tristana,11,False
18,18012,Omega Squad Tristana,12,True
18,18024,Little Demon Tristana,24,True
18,18033,Pengu Cosplay Tristana,33,True
18,18040,Hextech Tristana,40,False
48,48000,default,0,False
48,48001,Lil' Slugger Trundle,1,False
48,48002,Junkyard Trundle,2,False
48,48003,Traditional Trundle,3,False
48,48004,Constable Trundle,4,False
48,48005,Worldbreaker Trundle,5,False
48,48006,Dragonslayer Trundle,6,True
23,23000,default,0,False
23,23001,Highland Tryndamere,1,False
23,23002,King Tryndamere,2,False
23,23003,Viking Tryndamere,3,False
23,23004,Demonblade Tryndamere,4,False
23,23005,Sultan Tryndamere,5,False
23,23006,Warring Kingdoms Tryndamere,6,False
23,23007,Nightmare Tryndamere,7,False
23,23008,Beast Hunter Tryndamere,8,False
23,23009,Chemtech Tryndamere,9,False
23,23010,Blood Moon Tryndamere,10,True
23,23018,Nightbringer Tryndamere,18,True
4,4000,default,0,False
4,4001,PAX Twisted Fate,1,False
4,4002,Jack of Hearts Twisted Fate,2,False
4,4003,The Magnificent Twisted Fate,3,False
4,4004,Tango Twisted Fate,4,False
4,4005,High Noon Twisted Fate,5,False
4,4006,Musketeer Twisted Fate,6,False
4,4007,Underworld Twisted Fate,7,False
4,4008,Red Card Twisted Fate,8,False
4,4009,Cutpurse Twisted Fate,9,False
4,4010,Blood Moon Twisted Fate,10,False
4,4011,Pulsefire Twisted Fate,11,True
4,4013,Odyssey Twisted Fate,13,True
4,4023,DWG Twisted Fate,23,True
4,4025,Crime City Nightmare Twisted Fate,25,True
29,29000,default,0,False
29,29001,Kingpin Twitch,1,False
29,29002,Whistler Village Twitch,2,False
29,29003,Medieval Twitch,3,True
29,29004,Crime City Twitch,4,False
29,29005,Vandal Twitch,5,False
29,29006,Pickpocket Twitch,6,False
29,29007,SSW Twitch,7,False
29,29008,Omega Squad Twitch,8,True
29,29012,Ice King Twitch,12,True
29,29027,Twitch Shadowfoot,27,False
29,29036,Dragonslayer Twitch,36,False
77,77000,default,0,False
77,77001,Black Belt Udyr,1,False
77,77002,Primal Udyr,2,False
77,77003,Spirit Guard Udyr,3,False
77,77004,Definitely Not Udyr,4,False
77,77005,Dragon Oracle Udyr,5,False
6,6000,default,0,False
6,6001,Giant Enemy Crabgot,1,False
6,6002,Butcher Urgot,2,False
6,6003,Battlecast Urgot,3,True
6,6009,High Noon Urgot,9,True
6,6015,Pajama Guardian Cosplay Urgot,15,True
110,110000,default,0,False
110,110001,Blight Crystal Varus,1,False
110,110002,Arclight Varus,2,False
110,110003,Arctic Ops Varus,3,False
110,110004,Heartseeker Varus,4,False
110,110005,Varus Swiftbolt,5,False
110,110006,Dark Star Varus,6,True
110,110007,Conqueror Varus,7,True
110,110009,Infernal Varus,9,True
110,110016,PROJECT: Varus,16,True
110,110017,Cosmic Hunter Varus,17,True
67,67000,default,0,False
67,67001,Vindicator Vayne,1,False
67,67002,Aristocrat Vayne,2,False
67,67003,Dragonslayer Vayne,3,True
67,67004,Heartseeker Vayne,4,False
67,67005,SKT T1 Vayne,5,False
67,67006,Arclight Vayne,6,False
67,67010,Soulstealer Vayne,10,False
67,67011,PROJECT: Vayne,11,False
67,67012,Firecracker Vayne,12,False
67,67013,Firecracker Vayne Prestige Edition,13,False
67,67014,Spirit Blossom Vayne,14,True
67,67015,FPX Vayne,15,True
67,67025,Sentinel Vayne,25,True
45,45000,default,0,False
45,45001,White Mage Veigar,1,False
45,45002,Curling Veigar,2,False
45,45003,Veigar Greybeard,3,False
45,45004,Leprechaun Veigar,4,False
45,45005,Baron Von Veigar,5,False
45,45006,Superb Villain Veigar,6,False
45,45007,Bad Santa Veigar,7,False
45,45008,Final Boss Veigar,8,False
45,45009,Omega Squad Veigar,9,True
45,45013,Elderwood Veigar,13,True
45,45023,Furyhorn Cosplay Veigar,23,True
45,45032,Astronaut Veigar,32,True
161,161000,default,0,False
161,161001,Battlecast Vel'Koz,1,False
161,161002,Arclight Vel'Koz,2,False
161,161003,Definitely Not Vel'Koz,3,False
161,161004,Infernal Vel'Koz,4,True
161,161011,Blackfrost Vel'Koz,11,True
711,711000,default,0,False
711,711001,Dawnbringer Vex,1,True
254,254000,default,0,False
254,254001,Neon Strike Vi,1,False
254,254002,Officer Vi,2,True
254,254003,Debonair Vi,3,False
254,254004,Demon Vi,4,False
254,254005,Warring Kingdoms Vi,5,False
254,254011,PROJECT: Vi,11,False
254,254012,Heartbreaker Vi,12,True
254,254020,PsyOps Vi,20,True
254,254029,Arcane Vi,29,False
234,234000,default,0,False
234,234001,Lunar Beast Viego,1,True
234,234010,Dissonance of Pentakill Viego,10,False
112,112000,default,0,False
112,112001,Full Machine Viktor,1,False
112,112002,Prototype Viktor,2,False
112,112003,Creator Viktor,3,False
112,112004,Death Sworn Viktor,4,False
112,112005,PsyOps Viktor,5,True
8,8000,default,0,False
8,8001,Count Vladimir,1,False
8,8002,Marquis Vladimir,2,False
8,8003,Nosferatu Vladimir,3,False
8,8004,Vandal Vladimir,4,False
8,8005,Blood Lord Vladimir,5,False
8,8006,Soulstealer Vladimir,6,False
8,8007,Academy Vladimir,7,False
8,8008,Dark Waters Vladimir,8,True
8,8014,Nightbringer Vladimir,14,True
8,8021,Cosmic Devourer Vladimir,21,True
8,8030,Cafe Cuties Vladimir,30,True
106,106000,default,0,False
106,106001,Thunder Lord Volibear,1,False
106,106002,Northern Storm Volibear,2,False
106,106003,Runeguard Volibear,3,False
106,106004,Captain Volibear,4,False
106,106005,El Rayo Volibear,5,False
106,106006,The Thousand-Pierced Bear,6,False
106,106007,Duality Dragon Volibear,7,True
106,106009,Duality Dragon Volibear Prestige Edition,9,False
19,19000,default,0,False
19,19001,Grey Warwick,1,True
19,19002,Urf the Manatee,2,False
19,19003,Big Bad Warwick,3,False
19,19004,Tundra Hunter Warwick,4,False
19,19005,Feral Warwick,5,False
19,19006,Firefang Warwick,6,False
19,19007,Hyena Warwick,7,False
19,19008,Marauder Warwick,8,False
19,19009,Urfwick,9,False
19,19010,Lunar Guardian Warwick,10,True
19,19016,PROJECT: Warwick,16,True
19,19035,Old God Warwick,35,False
498,498000,default,0,False
498,498001,Cosmic Dusk Xayah,1,False
498,498002,Sweetheart Xayah,2,False
498,498003,SSG Xayah,3,False
498,498004,Star Guardian Xayah,4,True
498,498008,Elderwood Xayah,8,True
498,498017,Brave Phoenix Xayah,17,True
101,101000,default,0,False
101,101001,Runeborn Xerath,1,False
101,101002,Battlecast Xerath,2,False
101,101003,Scorched Earth Xerath,3,False
101,101004,Guardian of the Sands Xerath,4,False
101,101005,Dark Star Xerath,5,True
101,101012,Arcana Xerath,12,True
5,5000,default,0,False
5,5001,Commando Xin Zhao,1,False
5,5002,Imperial Xin Zhao,2,False
5,5003,Viscero Xin Zhao,3,False
5,5004,Winged Hussar Xin Zhao,4,False
5,5005,Warring Kingdoms Xin Zhao,5,True
5,5006,Secret Agent Xin Zhao,6,False
5,5013,Dragonslayer Xin Zhao,13,True
5,5020,Cosmic Defender Xin Zhao,20,True
5,5027,Marauder Xin Zhao,27,True
157,157000,default,0,False
157,157001,High Noon Yasuo,1,True
157,157002,PROJECT: Yasuo,2,False
157,157003,Blood Moon Yasuo,3,False
157,157009,Nightbringer Yasuo,9,True
157,157010,Odyssey Yasuo,10,True
157,157017,Battle Boss Yasuo,17,True
157,157018,True Damage Yasuo,18,True
157,157035,True Damage Yasuo Prestige Edition,35,False
157,157036,Spirit Blossom Yasuo,36,True
157,157054,Truth Dragon Yasuo,54,False
157,157055,Dream Dragon Yasuo,55,False
777,777000,default,0,False
777,777001,Spirit Blossom Yone,1,True
777,777010,Battle Academia Yone,10,True
777,777019,Dawnbringer Yone,19,True
83,83000,default,0,False
83,83001,Undertaker Yorick,1,False
83,83002,Pentakill Yorick,2,False
83,83003,Arclight Yorick,3,False
83,83004,Meowrick,4,True
83,83012,Resistance Yorick,12,True
83,83021,Pentakill III: Lost Chapter Yorick,21,True
350,350000,default,0,False
350,350001,Battle Principal Yuumi,1,True
350,350011,Heartseeker Yuumi,11,True
350,350019,Yuubee,19,True
350,350028,Bewitching Yuumi,28,True
154,154000,default,0,True
154,154001,Special Weapon Zac,1,False
154,154002,Pool Party Zac,2,False
154,154006,SKT T1 Zac,6,False
154,154007,Battlecast Zac,7,True
238,238000,default,0,False
238,238001,Shockblade Zed,1,True
238,238002,SKT T1 Zed,2,False
238,238003,PROJECT: Zed,3,True
238,238010,Championship Zed,10,True
238,238011,Death Sworn Zed,11,False
238,238013,Galaxy Slayer Zed,13,True
238,238015,PsyOps Zed,15,True
238,238030,PROJECT: Zed Prestige Edition,30,False
238,238031,Debonair Zed,31,True
115,115000,default,0,False
115,115001,Mad Scientist Ziggs,1,False
115,115002,Major Ziggs,2,False
115,115003,Pool Party Ziggs,3,False
115,115004,Snow Day Ziggs,4,False
115,115005,Master Arcanist Ziggs,5,False
115,115006,Battle Boss Ziggs,6,False
115,115007,Odyssey Ziggs,7,True
115,115014,Sugar Rush Ziggs,14,True
115,115023,Hextech Ziggs,23,False
26,26000,default,0,False
26,26001,Old Saint Zilean,1,False
26,26002,Groovy Zilean,2,False
26,26003,Shurima Desert Zilean,3,False
26,26004,Time Machine Zilean,4,False
26,26005,Blood Moon Zilean,5,False
26,26006,Sugar Rush Zilean,6,True
142,142000,default,0,False
142,142001,Cyber Pop Zoe,1,False
142,142002,Pool Party Zoe,2,True
142,142009,Star Guardian Zoe,9,True
142,142018,Arcanist Zoe,18,False
142,142019,Arcanist Zoe Prestige Edition,19,False
143,143000,default,0,False
143,143001,Wildfire Zyra,1,False
143,143002,Haunted Zyra,2,False
143,143003,SKT T1 Zyra,3,False
143,143004,Dragon Sorceress Zyra,4,False
143,143005,Coven Zyra,5,True
143,143006,Coven Zyra Prestige Edition,6,False
143,143007,Crystal Rose Zyra,7,True
143,143016,Crime City Nightmare Zyra,16,True
